RelativeDensity,StandardError,ProportionStripedBass
0.12,0.030509,0.30947
0.25,0.172881,0.35126
0.5,0.20678,0.53983
0.75,0.149152,0.67415
0.88,0.033898,0.81085
