RelativeDensity,StandardError,ProportionStripedBass
0.12,0.027119,0.25914
0.25,0.142372,0.41066
0.5,0.16942,0.57689
0.75,0.04406,0.96533
0.88,0.050847,0.95276
