RelativeDensity,ProportionLeafhopper,StandardError
0.13,0.0232,0.0162
0.25,0.07676,0.02596
0.38,0.08324,0.03734
0.50,0.1221,0.02913
0.63,0.2146,0.0357
0.75,0.4092,0.0649
0.88,0.6849,0.0357
